,0,1
0,600916,N黄金
1,601963,N重银
2,688338,赛科希德
3,600540,新赛股份
4,600704,物产中大
5,603901,永创智能
6,600589,广东榕泰
7,600055,万东医疗
8,600481,双良节能
9,603848,好太太
10,603076,乐惠国际
11,600267,海正药业
12,603408,建霖家居
13,605198,德利股份
14,603786,科博达
15,603871,嘉友国际
16,605318,法狮龙
17,601388,怡球资源
18,603185,上机数控
19,601702,华峰铝业
20,688099,晶晨股份
21,600315,上海家化
22,688136,科兴制药
23,600177,雅戈尔
24,603987,康德莱
25,600908,无锡银行
26,600249,两面针
27,605005,合兴股份
28,600753,东方银星
29,688408,中信博
30,601888,中国中免
31,603021,山东华鹏
32,688036,传音控股
33,688222,成都先导
34,600529,山东药玻
35,600161,天坛生物
36,603256,宏和科技
37,603882,金域医学
38,601818,光大银行
39,688308,欧科亿
40,688308,欧科亿
41,600487,亨通光电
42,688029,南微医学
43,603568,伟明环保
44,688365,光云科技
45,600587,新华医疗
46,603317,天味食品
47,688568,中科星图
48,600763,通策医疗
49,603818,曲美家居
50,603579,荣泰健康
51,603136,天目湖
52,603112,华翔股份
53,603108,润达医疗
54,603777,来伊份
55,688185,康希诺-U
56,603121,华培动力
57,600242,*ST中昌
58,603630,拉芳家化
59,600816,*ST安信
60,603630,拉芳家化
61,600816,*ST安信
62,603899,晨光文具
63,688788,科思科技
64,688016,心脉医疗
65,600094,大名城
66,600090,*ST济堂
67,600555,*ST海创
68,600091,ST明科
69,603083,剑桥科技
70,600734,*ST实达
71,601577,长沙银行
72,688309,恒誉环保
73,600276,恒瑞医药
74,688366,昊海生科
75,605003,众望布艺
76,603087,甘李药业
77,600383,金地集团
78,603221,爱丽家居
79,603976,正川股份
80,600671,*ST目药
81,603885,吉祥航空
82,603983,丸美股份
83,600652,ST游久
84,600702,ST舍得
85,600196,复星医药
86,600600,青岛啤酒
87,601028,玉龙股份
88,601012,隆基股份
89,603309,维力医疗
90,601111,中国国航
91,688057,金达莱
92,600319,ST亚星
93,688089,嘉必优
94,603900,莱绅通灵
95,601777,*ST力帆
96,603843,正平股份
97,601009,南京银行
98,600984,建设机械
99,600336,澳柯玛
100,603517,绝味食品
101,605299,舒华体育
102,601231,环旭电子
103,603609,禾丰牧业
104,600856,*ST中天
105,603883,老百姓
106,688166,博瑞医药
107,603977,国泰集团
108,601939,建设银行
109,605050,福然德
110,603259,药明康德
111,603323,苏农银行
112,601187,厦门银行
113,603587,地素时尚
114,603667,五洲新春
115,600162,香江控股
116,600183,生益科技
117,603725,天安新材
118,601601,中国太保
119,603898,好莱客
120,600792,云煤能源
121,600687,退市刚泰
122,688133,泰坦科技
123,603819,神力股份
124,601588,北辰实业
125,688310,迈得医疗
126,603358,华达科技
127,603758,秦安股份
128,600115,东方航空
129,601808,中海油服
130,605188,国光连锁
131,600000,浦发银行
132,600285,羚锐制药
133,603628,清源股份
134,603866,桃李面包
135,600048,保利地产
136,600870,ST厦华
137,688157,松井股份
138,603519,立霸股份
139,603315,福鞍股份
140,600048,保利地产
141,600107,美尔雅
142,603039,泛微网络
143,600132,重庆啤酒
144,600606,绿地控股
145,603355,莱克电气
146,603897,长城科技
147,600561,江西长运
148,603898,好莱客
149,600851,海欣股份
150,603716,塞力医疗
151,601166,兴业银行
152,603663,三祥新材
153,603861,白云电器
154,688266,泽璟制药-U
155,600438,通威股份
156,600112,ST天成
157,600436,片仔癀
158,600029,南方航空
159,603499,翔港科技
160,603499,翔港科技
161,600283,钱江水利
162,603968,醋化股份
163,603396,金辰股份
164,600845,宝信软件
165,603719,良品铺子
166,601995,中金公司
167,605369,拱东医疗
168,601229,上海银行
169,600690,海尔智家
170,600877,ST电能
171,605336,帅丰电器
172,600666,ST瑞德
173,600585,海螺水泥
174,603238,诺邦股份
175,600258,首旅酒店
176,600692,亚通股份
177,603268,松发股份
178,601117,中国化学
179,603110,东方材料
180,600809,山西汾酒
181,600823,世茂股份
182,601155,新城控股
183,603160,汇顶科技
184,600466,蓝光发展
185,600185,格力地产
186,603811,诚意药业
187,605118,力鼎光电
188,603696,安记食品
189,600179,*ST安通
190,600877,ST电能
191,600393,粤泰股份
192,600743,华远地产
193,603610,麒盛科技
194,603689,皖天然气
195,603727,博迈科
196,600613,神奇制药
197,605136,丽人丽妆
198,603589,口子窖
199,603868,飞科电器
200,600077,宋都股份
201,600278,东方创业
202,600185,格力地产
203,603661,恒林股份
204,603345,安井食品
205,601997,贵阳银行
206,688680,海优新材
207,603612,索通发展
208,600612,老凤祥
209,600012,皖通高速
210,601717,郑煤机
211,600882,妙可蓝多
212,600557,康缘药业
213,603668,天马科技
214,600735,新华锦
215,600266,城建发展
216,600802,福建水泥
217,603069,海汽集团
218,600229,城市传媒
219,600106,重庆路桥
220,600228,ST昌九
221,600833,第一医药
222,603301,振德医疗
223,688007,光峰科技
224,603056,德邦股份
225,600896,览海医疗
226,688363,华熙生物
227,601998,中信银行
228,600230,沧州大化
229,600981,汇鸿集团
230,603129,春风动力
231,603377,东方时尚
232,600749,西藏旅游
233,600159,大龙地产
234,601139,深圳燃气
235,688065,凯赛生物
236,603127,昭衍新药
237,603551,奥普家居
238,600548,深高速
239,603939,益丰药房
240,600735,新华锦
241,600683,京投发展
242,600565,迪马股份
243,605178,时空科技
244,600888,新疆众和
245,603997,继峰股份
246,605266,健之佳
247,600615,丰华股份
248,603303,得邦照明
249,600928,西安银行
250,600722,金牛化工
251,600859,王府井
252,600812,华北制药
253,601860,紫金银行
254,601718,际华集团
255,600379,宝光股份
256,600503,华丽家族
257,600225,*ST松江
258,600156,华升股份
259,603398,邦宝益智
260,605166,聚合顺
261,600506,香梨股份
262,603161,科华控股
263,600748,上实发展
264,600335,国机汽车
265,603456,九洲药业
266,601003,柳钢股份
267,603032,德新交运
268,603776,永安行
269,688577,浙海德曼
270,603992,松霖科技
271,603773,沃格光电
272,600720,祁连山
273,603022,新通联
274,603565,中谷物流
275,600420,现代制药
276,600153,建发股份
277,600064,南京高科
278,600036,招商银行
279,600220,江苏阳光
280,600223,鲁商发展
281,603029,天鹅股份
282,605333,沪光股份
283,600569,安阳钢铁
284,600500,中化国际
285,603603,博天环境
286,605116,奥锐特
287,600331,宏达股份
288,601100,恒立液压
289,600231,凌钢股份
290,603869,新智认知
291,600133,东湖高新
292,605009,豪悦护理
293,600479,千金药业
294,605068,明新旭腾
295,600901,江苏租赁
296,603806,福斯特
297,600376,首开股份
298,600626,申达股份
299,603218,日月股份
300,600791,京能置业
301,603680,今创集团
302,603707,健友股份
303,600874,创业环保
304,603677,奇精机械
305,600919,江苏银行
306,603380,易德龙
307,600533,栖霞建设
308,603878,武进不锈
309,600714,金瑞矿业
310,603949,雪龙集团
311,688013,天臣医疗
312,601866,中远海发
313,600449,宁夏建材
314,600622,光大嘉宝
315,688378,奥来德
316,688600,皖仪科技
317,603316,诚邦股份
318,600209,ST罗顿
319,600586,金晶科技
320,600689,上海三毛
321,603043,广州酒家
322,600880,博瑞传播
323,601398,工商银行
324,603970,中农立华
325,603222,济民制药
326,600221,海航控股
327,603369,今世缘
328,603816,顾家家居
329,600887,伊利股份
330,600706,曲江文旅
331,600071,凤凰光学
332,603508,思维列控
333,603200,上海洗霸
334,601600,中国铝业
335,603688,石英股份
336,600480,凌云股份
337,605158,华达新材
338,600053,九鼎投资
339,601969,海南矿业
340,600715,文投控股
341,600755,厦门国贸
342,603279,景津环保
343,600520,文一科技
344,688056,莱伯泰科
345,600976,健民集团
346,605088,冠盛股份
347,603392,万泰生物
348,601789,宁波建工
349,600601,方正科技
350,600511,国药股份
351,688686,奥普特
352,600588,用友网络
353,601226,华电重工
354,600801,华新水泥
355,601901,方正证券
356,600662,强生控股
357,603657,春光科技
358,688330,宏力达
359,603099,长白山
360,603099,长白山
361,600657,信达地产
362,603676,卫信康
363,600130,波导股份
364,600138,中青旅
365,600428,中远海特
366,600325,华发股份
367,600386,北巴传媒
368,601838,成都银行
369,600078,澄星股份
370,600182,S佳通
371,603886,元祖股份
372,601668,中国建筑
373,688526,科前生物
374,601169,北京银行
375,601288,农业银行
376,601916,浙商银行
377,603613,国联股份
378,600855,航天长峰
379,601866,中远海发
380,601866,中远海发
381,600004,白云机场
382,600723,首商股份
383,603998,方盛制药
384,688111,金山办公
385,688122,西部超导
386,600052,浙江广厦
387,603801,志邦家居
388,605258,协和电子
389,600287,江苏舜天
390,688139,海尔生物
391,603090,宏盛股份
392,603918,金桥信息
393,600678,四川金顶
394,600739,辽宁成大
395,600280,*ST中商
396,600525,长园集团
397,600035,楚天高速
398,603385,惠达卫浴
399,600082,海泰发展
400,601200,上海环境
401,603387,基蛋生物
402,600325,华发股份
403,601330,绿色动力
404,600361,华联综超
405,600502,安徽建工
406,603963,大理药业
407,603527,众源新材
408,601999,出版传媒
409,600995,文山电力
410,600321,正源股份
411,603392,万泰生物
412,603015,弘讯科技
413,600008,首创股份
414,601328,交通银行
415,688060,云涌科技
416,600025,华能水电
417,600477,杭萧钢构
418,605177,东亚药业
419,688208,道通科技
420,688081,兴图新科
421,600068,葛洲坝
422,600322,天房发展
423,603686,龙马环卫
424,603067,振华股份
425,603995,甬金股份
426,601566,九牧王
427,600644,乐山电力
428,600200,江苏吴中
429,603286,日盈电子
430,688004,博汇科技
431,688010,福光股份
432,600085,同仁堂
433,603616,韩建河山
434,600293,三峡新材
435,600575,淮河能源
436,601996,丰林集团
437,603737,三棵树
438,600396,金山股份
439,601827,三峰环境
440,601827,三峰环境
441,600602,云赛智联
442,600834,申通地铁
443,603351,威尔药业
444,600020,中原高速
445,603017,中衡设计
446,603956,威派格
447,603365,水星家纺
448,600359,新农开发
449,603858,步长制药
450,603929,亚翔集成
451,601077,渝农商行
452,600462,*ST九有
453,600332,白云山
454,600807,济南高新
455,601137,博威合金
456,600519,贵州茅台
457,603518,锦泓集团
458,600999,招商证券
459,688050,爱博医疗
460,605183,确成股份
461,603389,*ST亚振
462,603535,嘉诚国际
463,603011,合锻智能
464,605066,天正电气
465,603867,新化股份
466,603214,爱婴室
467,600761,安徽合力
468,600675,中华企业
469,688002,睿创微纳
470,600828,茂业商业
471,603629,利通电子
472,600708,光明地产
473,600007,中国国贸
474,600460,士兰微
475,600630,龙头股份
476,603332,苏州龙杰
477,603356,华菱精工
478,603739,蔚蓝生物
479,603501,韦尔股份
480,603501,韦尔股份
481,600620,天宸股份
482,600674,川投能源
483,603682,锦和商业
484,601568,北元集团
485,600475,华光环能
486,600848,上海临港
487,600839,四川长虹
488,600477,杭萧钢构
489,600180,瑞茂通
490,600733,北汽蓝谷
491,600650,锦江投资
492,603638,艾迪精密
493,603236,移远通信
494,600168,武汉控股
495,600757,长江传媒
496,600311,*ST荣华
497,600781,*ST辅仁
498,601567,三星医疗
499,600814,杭州解百
500,600814,杭州解百
501,601339,百隆东方
502,600184,光电股份
503,688669,聚石化学
504,603608,天创时尚
505,688513,苑东生物
506,600221,海航控股
507,600422,昆药集团
508,688215,瑞晟智能
509,600017,日照港
510,600604,市北高新
511,601010,文峰股份
512,603321,梅轮电梯
513,600818,中路股份
514,600406,国电南瑞
515,601128,常熟银行
516,600577,精达股份
517,603757,大元泵业
518,688015,交控科技
519,600318,新力金融
520,600318,新力金融
521,603829,洛凯股份
522,600987,航民股份
523,600251,冠农股份
524,600009,上海机场
525,600119,ST长投
526,600777,新潮能源
527,600961,株冶集团
528,600768,宁波富邦
529,600603,广汇物流
530,600476,湘邮科技
531,601778,晶科科技
532,600719,大连热电
533,688095,福昕软件
534,600721,ST百花
535,600654,ST中安
536,603722,阿科力
537,603967,中创物流
538,600890,中房股份
539,688289,圣湘生物
540,601375,中原证券
541,601865,福莱特
542,603889,新澳股份
543,601966,玲珑轮胎
544,603706,东方环宇
545,601607,上海医药
546,603329,上海雅仕
547,600265,ST景谷
548,600790,轻纺城
549,688418,震有科技
550,600370,三房巷
551,600778,友好集团
552,600150,中国船舶
553,603895,天永智能
554,603659,璞泰来
555,688510,航亚科技
556,600425,青松建化
557,600897,厦门空港
558,605377,华旺科技
559,601988,中国银行
560,688077,大地熊
561,688656,浩欧博
562,600015,华夏银行
563,600685,中船防务
564,601608,中信重工
565,600867,通化东宝
566,603602,纵横通信
567,600345,长江通信
568,600023,浙能电力
569,600635,大众公用
570,603679,华体科技
571,601390,中国中铁
572,600726,华电能源
573,600712,南宁百货
574,600072,中船科技
575,603012,创力集团
576,605500,森林包装
577,603685,晨丰科技
578,600216,浙江医药
579,601186,中国铁建
580,603318,派思股份
581,601880,大连港
582,600289,*ST信通
583,600299,安迪苏
584,688551,科威尔
585,603220,中贝通信
586,688658,悦康药业
587,600751,海航科技
588,601018,宁波港
589,600327,大东方
590,600380,健康元
591,600730,中国高科
592,603803,瑞斯康达
593,600827,百联股份
594,688520,神州细胞-U
595,601518,吉林高速
596,688027,国盾量子
597,600713,南京医药
598,603306,华懋科技
599,600736,苏州高新
600,603228,景旺电子
601,600178,东安动力
602,600857,宁波中百
603,603101,汇嘉时代
604,600738,兰州民百
605,603095,越剑智能
606,600187,国中水务
607,600419,天润乳业
608,605128,上海沿浦
609,688598,金博股份
610,600698,ST天雁
611,600056,中国医药
612,603115,海星股份
613,603879,永悦科技
614,688398,赛特新材
615,600195,中牧股份
616,688588,凌志软件
617,600377,宁沪高速
618,600236,桂冠电力
619,600658,电子城
620,600968,海油发展
621,603390,通达电气
622,603269,海鸥股份
623,688219,会通股份
624,600109,国金证券
625,600633,浙数文化
626,603922,金鸿顺
627,600853,龙建股份
628,688156,路德环境
629,601002,晋亿实业
630,600664,哈药股份
631,601007,金陵饭店
632,603559,中通国脉
633,600033,福建高速
634,600108,亚盛集团
635,603305,旭升股份
636,601162,天风证券
637,600758,辽宁能源
638,688096,京源环保
639,600808,马钢股份
640,600114,东睦股份
641,601881,中国银河
642,600597,光明乳业
643,600684,珠江实业
644,600227,圣济堂
645,603839,安正时尚
646,600083,*ST博信
647,600990,四创电子
648,600881,亚泰集团
649,600190,锦州港
650,600273,嘉化能源
651,601618,中国中冶
652,603167,渤海轮渡
653,688528,秦川物联
654,603607,京华激光
655,603838,四通股份
656,688199,久日新材
657,600661,昂立教育
658,688558,国盛智科
659,688278,特宝生物
660,600883,博闻科技
661,603813,原尚股份
662,600391,航发科技
663,688488,艾迪药业
664,600982,宁波能源
665,600838,上海九百
666,688336,三生国健
667,600152,维科技术
668,600139,西部资源
669,600030,中信证券
670,600026,中远海能
671,600373,中文传媒
672,601606,长城军工
673,600697,欧亚集团
674,600939,重庆建工
675,688168,安博通
676,600202,哈空调
677,603595,东尼电子
678,600410,华胜天成
679,601199,江南水务
680,603926,铁流股份
681,603003,龙宇燃油
682,603192,汇得科技
683,600835,上海机电
684,600789,鲁抗医药
685,600621,华鑫股份
686,601086,国芳集团
687,601669,中国电建
688,600310,桂东电力
689,600865,百大集团
690,600866,星湖科技
691,601968,宝钢包装
692,601965,中国汽研
693,603199,九华旅游
694,600716,凤凰股份
695,600435,北方导航
696,603367,辰欣药业
697,601360,三六零
698,603615,茶花股份
699,601989,中国重工
700,600149,ST坊展
701,603989,艾华集团
702,603703,盛洋科技
703,600693,东百集团
704,688668,鼎通科技
705,600073,上海梅林
706,600501,航天晨光
707,600127,金健米业
708,600353,旭光电子
709,600110,诺德股份
710,603933,睿能科技
711,600717,天津港
712,601801,皖新传媒
713,605169,洪通燃气
714,600710,苏美达
715,601798,蓝科高新
716,600594,益佰制药
717,603188,ST亚邦
718,600399,ST抚钢
719,600193,ST创兴
720,600193,ST创兴
721,600313,农发种业
722,601162,天风证券
723,600820,隧道股份
724,600663,陆家嘴
725,600120,浙江东方
726,601360,三六零
727,603195,公牛集团
728,600284,浦东建设
729,600079,人福医药
730,600136,当代文体
731,601208,东材科技
732,600098,广州发展
733,600062,华润双鹤
734,600829,人民同泰
735,600605,汇通能源
736,603718,海利生物
737,605100,华丰股份
738,601886,江河集团
739,600510,黑牡丹
740,603912,佳力图
741,603833,欧派家居
742,601636,旗滨集团
743,603277,银都股份
744,600668,尖峰集团
745,600728,佳都科技
746,600756,浪潮软件
747,601006,大秦铁路
748,601800,中国交建
749,600398,海澜之家
750,603797,联泰环保
751,603585,苏利股份
752,600104,上汽集团
753,603278,大业股份
754,688566,吉贝尔
755,688218,江苏北人
756,600051,宁波联合
757,600573,惠泉啤酒
758,688377,迪威尔
759,600826,兰生股份
760,688377,迪威尔
761,600826,兰生股份
762,688598,金博股份
763,603229,奥翔药业
764,603978,深圳新星
765,603909,合诚股份
766,601211,国泰君安
767,600073,上海梅林
768,603662,柯力传感
769,600694,大商股份
770,603223,恒通股份
771,600592,龙溪股份
772,603233,大参林
773,605222,起帆电缆
774,603903,中持股份
775,603567,珍宝岛
776,600323,瀚蓝环境
777,600639,浦东金桥
778,600776,东方通信
779,688318,财富趋势
780,688318,财富趋势
781,603059,倍加洁
782,600371,万向德农
783,603013,亚普股份
784,603985,恒润股份
785,601318,中国平安
786,688221,前沿生物-U
787,603000,人民网
788,600416,*ST湘电
789,688312,燕麦科技
790,600298,安琪酵母
791,688393,安必平
792,600754,锦江酒店
793,688617,惠泰医疗
794,688696,极米科技
795,688687,凯因科技
796,688677,海泰新光
797,688665,四方光电
798,688619,罗普特
799,688500,慧辰资讯
800,688183,生益电子
801,688079,美迪凯
802,688070,纵横股份
803,688059,华锐精密
804,688033,天宜上佳
805,605337,李子园
806,605303,园林股份
807,605298,必得科技
808,605268,王力安防
809,605133,嵘泰股份
810,605081,太和水
811,605077,华康股份
812,605060,联德股份
813,603980,吉华集团
814,603880,南卫股份
815,603586,金麒麟
816,603322,超讯通信
817,603196,日播时尚
818,603042,华脉科技
819,601991,大唐发电
820,601991,大唐发电
821,601989,中国重工
822,601857,中国石油
823,601811,新华文轩
824,601800,中国交建
825,601616,广电电气
826,601558,退市锐电
827,601319,中国人保
828,601299,中国北车
829,601268,*ST二重
830,601258,ST庞大
831,601188,龙江交通
832,601118,海南橡胶
833,601106,中国一重
834,601068,中铝国际
835,601019,山东出版
836,601008,连云港
837,601000,唐山港
838,600991,广汽长丰
839,600983,惠而浦
840,600979,广安爱众
841,600969,郴电国际
842,600968,海油发展
843,600959,江苏有线
844,600899,*ST信联
845,600894,广日股份
846,600891,*ST秋林
847,600878,*ST北科
848,600868,梅雁吉祥
849,600854,春兰股份
850,600852,*ST中川
851,600849,上药转换
852,600843,上工申贝
853,600842,中西药业
854,600840,新湖创业
855,600832,东方明珠
856,600831,广电网络
857,600830,香溢融通
858,600824,益民集团
859,600815,*ST厦工
860,600813,ST鞍一工
861,600806,退市昆机
862,600799,*ST龙科
863,600788,*ST达曼
864,600786,东方锅炉
865,600772,S*ST龙昌
866,600770,综艺股份
867,600762,S*ST金荔
868,600752,*ST哈慈
869,600747,退市大控
870,600741,华域汽车
871,600724,宁波富达
872,600709,ST生态
873,600701,*ST工新
874,600700,*ST数码
875,600687,退市刚泰
876,600680,*ST上普
877,600677,*ST航通
878,600672,*ST华圣
879,600670,*ST斯达
880,600669,*ST鞍成
881,600665,天地源
882,600659,*ST花雕
883,600656,退市博元
884,600653,申华控股
885,600646,ST国嘉
886,600634,*ST富控
887,600632,华联商厦
888,600631,百联股份
889,600627,上电股份
890,600625,PT水仙
891,600619,海立股份
892,600618,氯碱化工
893,600614,*ST鹏起
894,600607,上实医药
895,600591,*ST上航
896,600582,天地科技
897,600581,八一钢铁
898,600568,*ST中珠
899,600567,山鹰国际
900,600567,山鹰国际
901,600553,太行水泥
902,600530,*ST交昂
903,600512,腾达建设
904,600496,精工钢构
905,600495,晋西车轴
906,600491,龙元建设
907,600485,*ST信威
908,600472,包头铝业
909,600432,退市吉恩
910,600429,三元股份
911,600401,退市海润
912,600387,海越能源
913,600385,ST金泰
914,600375,汉马科技
915,600368,五洲交通
916,600365,ST通葡
917,600357,承德钒钛
918,600355,精伦电子
919,600340,华夏幸福
920,600313,农发种业
921,600312,平高电气
922,600296,S兰铝
923,600288,大恒科技
924,600286,S*ST国瓷
925,600282,南钢股份
926,600277,亿利洁能
927,600275,ST昌鱼
928,600270,外运发展
929,600269,赣粤高速
930,600263,路桥建设
931,600253,天方药业
932,600252,中恒集团
933,600248,陕西建工
934,600247,*ST成城
935,600240,退市华业
936,600232,金鹰股份
937,600215,*ST经开
938,600212,*ST江泉
939,600205,S山东铝
940,600205,S山东铝
941,600186,莲花健康
942,600181,S*ST云大
943,600175,退市美都
944,600170,上海建工
945,600157,ST永泰
946,600102,莱钢股份
947,600092,S*ST精密
948,600087,退市长油
949,600074,退市保千
950,600069,退市银鸽
951,600065,*ST联谊
952,600011,华能国际
953,600005,武钢股份
954,600003,ST东北高
955,600002,齐鲁石化
956,600001,邯郸钢铁
957,688277,天智航-U
958,688298,东方生物
959,603489,八方股份
960,688356,键凯科技
961,600893,航发动力
962,688178,万德斯
963,600233,圆通速递
964,688321,微芯生物
965,600456,宝钛股份
966,600118,中国卫星
967,605228,神通科技
968,600785,新华百货
969,603908,牧高笛
970,603721,中广天择
971,603790,雅运股份
972,688129,东来技术
973,603320,迪贝电气
974,600993,马应龙
975,688358,祥生医疗
976,688360,德马科技
977,603339,四方科技
978,688561,奇安信-U
979,688180,君实生物-U
980,600628,新世界
981,601456,国联证券
982,603037,凯众股份
983,600975,新五丰
984,601956,东贝集团
985,600893,航发动力
986,688101,三达膜
987,603066,音飞储存
988,603289,泰瑞机器
989,601177,杭齿前进
990,600093,易见股份
991,603288,海天味业
992,600648,外高桥
993,600783,鲁信创投
994,600629,华建集团
995,603001,奥康国际
996,603569,长久物流
997,600058,五矿发展
998,603789,星光农机
999,600962,国投中鲁
1000,600962,国投中鲁
1001,600312,平高电气
1002,600326,西藏天路
1003,603709,中源家居
1004,603233,大参林
1005,603767,中马传动
1006,688159,有方科技
1007,601688,华泰证券
1008,601869,长飞光纤
1009,605108,同庆楼
1010,601816,京沪高铁
1011,600057,厦门象屿
1012,603298,杭叉集团
1013,601890,亚星锚链
1014,601158,重庆水务
1015,600125,铁龙物流
1016,603999,读者传媒
1017,603636,南威软件
1018,603196,日播时尚
1019,601678,滨化股份
1020,601678,滨化股份
1021,600351,亚宝药业
1022,603027,千禾味业
1023,601021,春秋航空
1024,600497,驰宏锌锗
1025,601116,三江购物
1026,688068,热景生物
1027,688229,博睿数据
1028,603798,康普顿
1029,600637,东方明珠
1030,600760,中航沈飞
1031,601857,中国石油
1032,600769,祥龙电业
1033,600860,*ST京城
1034,600037,歌华有线
1035,600705,中航资本
1036,600636,国新文化
1037,600986,浙文互联
1038,600526,菲达环保
1039,600192,长城电工
1040,600192,长城电工
1041,603928,兴业股份
1042,600608,ST沪科
1043,600956,新天绿能
1044,600131,国网信通
1045,603557,起步股份
1046,603496,恒为科技
1047,600482,中国动力
1048,600279,重庆港九
1049,603080,新疆火炬
1050,601101,昊华能源
1051,600067,冠城大通
1052,603979,金诚信
1053,688177,百奥泰-U
1054,688590,新致软件
1055,601228,广州港
1056,600448,华纺股份
1057,601512,中新集团
1058,603117,万林物流
1059,600027,华电国际
1060,600780,通宝能源
1061,600837,海通证券
1062,600797,浙大网新
1063,600116,三峡水利
1064,600290,*ST华仪
1065,688698,伟创电气
1066,688258,卓易信息
1067,600936,广西广电
1068,603605,珀莱雅
1069,603729,龙韵股份
1070,600165,新日恒力
1071,601377,兴业证券
1072,600513,联环药业
1073,688569,铁科轨道
1074,688088,虹软科技
1075,603817,海峡环保
1076,603009,北特科技
1077,601326,秦港股份
1078,603111,康尼机电
1079,603156,养元饮品
1080,603156,养元饮品
1081,600642,申能股份
1082,600467,好当家
1083,603159,上海亚虹
1084,603648,畅联股份
1085,605199,葫芦娃
1086,600297,广汇汽车
1087,603053,成都燃气
1088,600649,城投控股
1089,600837,海通证券
1090,688155,先惠技术
1091,601599,鹿港文化
1092,601985,中国核电
1093,688020,方邦股份
1094,600210,紫江企业
1095,601666,平煤股份
1096,600201,生物股份
1097,603580,艾艾精工
1098,605001,威奥股份
1099,600819,耀皮玻璃
1100,601975,招商南油
1101,601828,美凯龙
1102,600742,一汽富维
1103,603658,安图生物
1104,600787,中储股份
1105,603139,康惠制药
1106,600173,卧龙地产
1107,603018,华设集团
1108,600188,兖州煤业
1109,601628,中国人寿
1110,603357,设计总院
1111,601555,东吴证券
1112,603118,共进股份
1113,603828,柯利达
1114,600508,上海能源
1115,603098,森特股份
1116,600775,南京熊猫
1117,688335,复洁环保
1118,600782,新钢股份
1119,600889,南京化纤
1120,600858,银座股份
1121,600973,宝胜股份
1122,603678,火炬电子
1123,603808,歌力思
1124,600900,长江电力
1125,600302,标准股份
1126,601898,中煤能源
1127,600103,青山纸业
1128,688028,沃尔德
1129,688155,先惠技术
1130,600201,生物股份
1131,603421,鼎信通讯
1132,603726,朗迪集团
1133,603578,三星新材
1134,601098,中南传媒
1135,600885,宏发股份
1136,600099,林海股份
1137,600895,张江高科
1138,688550,瑞联新材
1139,688521,芯原股份-U
1140,603050,科林电气
1141,600463,空港股份
1142,600872,中炬高新
1143,603311,金海高科
1144,600598,北大荒
1145,600234,ST山水
1146,600478,科力远
1147,600261,阳光照明
1148,600031,三一重工
1149,688466,金科环境
1150,603815,交建股份
1151,600681,百川能源
1152,603359,东珠生态
1153,603055,台华新材
1154,603955,大千生态
1155,600137,浪莎股份
1156,603045,福达合金
1157,600101,明星电力
1158,688090,瑞松科技
1159,600725,ST云维
1160,600725,ST云维
1161,605288,凯迪股份
1162,600305,恒顺醋业
1163,603590,康辰药业
1164,600598,北大荒
1165,601368,绿城水务
1166,600222,太龙药业
1167,603333,尚纬股份
1168,600329,中新药业
1169,600272,开开实业
1170,603931,格林达
1171,600568,*ST中珠
1172,603187,海容冷链
1173,600673,东阳光
1174,601799,星宇股份
1175,600461,洪城水业
1176,603917,合力科技
1177,688023,安恒信息
1178,603183,建研院
1179,600307,酒钢宏兴
1180,601933,永辉超市
1181,688100,威胜信息
1182,600018,上港集团
1183,688001,华兴源创
1184,601107,四川成渝
1185,601069,西部黄金
1186,600958,东方证券
1187,600578,京能电力
1188,600562,国睿科技
1189,688098,申联生物
1190,600817,ST宏盛
1191,601005,重庆钢铁
1192,603637,镇海股份
1193,688009,中国通号
1194,600388,龙净环保
1195,600358,*ST联合
1196,603203,快克股份
1197,600558,大西洋
1198,688066,航天宏图
1199,600080,ST金花
1200,600498,烽火通信
1201,603088,宁波精达
1202,600898,*ST美讯
1203,688256,寒武纪-U
1204,600241,*ST时万
1205,688066,航天宏图
1206,600022,山东钢铁
1207,600903,贵州燃气
1208,603031,安德利
1209,600550,保变电气
1210,600667,太极实业
1211,600339,中油工程
1212,603887,城地香江
1213,603368,柳药股份
1214,603700,宁水集团
1215,603488,展鹏科技
1216,600256,广汇能源
1217,600488,天药股份
1218,603106,恒银科技
1219,601212,白银有色
1220,600527,江南高纤
1221,603506,南都物业
1222,600696,ST岩石
1223,688679,通源环境
1224,688389,普门科技
1225,688155,先惠技术
1226,600729,重庆百货
1227,600522,中天科技
1228,600745,闻泰科技
1229,600528,中铁工业
1230,603779,ST威龙
1231,600271,航天信息
1232,603177,德创环保
1233,600123,兰花科创
1234,600084,ST中葡
1235,603665,康隆达
1236,600611,大众交通
1237,600128,弘业股份
1238,600095,湘财股份
1239,603169,兰石重装
1240,688008,澜起科技
1241,600423,ST柳化
1242,603577,汇金通
1243,605399,晨光新材
1244,688228,开普云
1245,600731,湖南海利
1246,603825,华扬联众
1247,603660,苏州科达
1248,600992,贵绳股份
1249,603297,永新光学
1250,603328,依顿电子
1251,600641,万业企业
1252,601500,通用股份
1253,603530,神马电力
1254,688505,复旦张江
1255,601958,金钼股份
1256,600397,安源煤业
1257,688678,福立旺
1258,600493,凤竹纺织
1259,601099,太平洋
1260,600250,南纺股份
1261,603393,新天然气
1262,603335,迪生力
1263,601619,嘉泽新能
1264,688181,八亿时空
1265,600869,远东股份
1266,600774,汉商集团
1267,600531,豫光金铅
1268,600146,*ST环球
1269,603988,中电电机
1270,603617,君禾股份
1271,600796,钱江生化
1272,600841,上柴股份
1273,600535,天士力
1274,603555,*ST贵人
1275,600095,湘财股份
1276,601700,风范股份
1277,601858,中国科传
1278,603708,家家悦
1279,603019,中科曙光
1280,688127,蓝特光学
1281,600676,交运股份
1282,601311,骆驼股份
1283,600208,新湖中宝
1284,688058,宝兰德
1285,600847,万里股份
1286,601038,一拖股份
1287,600571,信雅达
1288,603168,莎普爱思
1289,600219,南山铝业
1290,600306,*ST商城
1291,600122,*ST宏图
1292,600105,永鼎股份
1293,600536,中国软件
1294,688078,龙软科技
1295,603189,网达软件
1296,603266,天龙股份
1297,601698,中国卫通
1298,600679,上海凤凰
1299,601366,利群股份
1300,600369,西南证券
1301,603683,晶华新材
1302,600886,国投电力
1303,603787,新日股份
1304,600718,东软集团
1305,603081,大丰实业
1306,600455,博通股份
1307,600328,中盐化工
1308,603028,赛福天
1309,603023,威帝股份
1310,603383,顶点软件
1311,603991,至正股份
1312,688093,世华科技
1313,688777,中控技术
1314,601168,西部矿业
1315,600489,中金黄金
1316,688118,普元信息
1317,603217,元利科技
1318,688165,埃夫特-U
1319,600560,金自天正
1320,600794,保税科技
1321,600339,中油工程
1322,603626,科森科技
1323,600172,黄河旋风
1324,600148,长春一东
1325,600929,雪天盐业
1326,600595,*ST中孚
1327,603078,江化微
1328,600985,淮北矿业
1329,600967,内蒙一机
1330,600744,华银电力
1331,600061,国投资本
1332,688396,华润微
1333,603439,贵州三力
1334,600971,恒源煤电
1335,603556,海兴电力
1336,600439,瑞贝卡
1337,600727,鲁北化工
1338,688596,正帆科技
1339,600521,华海药业
1340,601138,工业富联
1341,600237,铜峰电子
1342,603131,上海沪工
1343,603026,石大胜华
1344,603466,风语筑
1345,600825,新华传媒
1346,600483,福能股份
1347,600547,山东黄金
1348,688055,龙腾光电
1349,603656,泰禾智能
1350,603006,联明股份
1351,600470,*ST六化
1352,600963,岳阳林纸
1353,603486,科沃斯
1354,603855,华荣股份
1355,603650,彤程新材
1356,603123,翠微股份
1357,688357,建龙微纳
1358,600996,贵广网络
1359,600468,百利电气
1360,601088,中国神华
1361,688086,紫晶存储
1362,600640,号百控股
1363,600505,西昌电力
1364,603717,天域生态
1365,603379,三美股份
1366,600863,内蒙华电
1367,600372,中航电子
1368,600459,贵研铂业
1369,601113,ST华鼎
1370,600861,北京城乡
1371,600171,上海贝岭
1372,600682,南京新百
1373,603040,新坐标
1374,600113,浙江东日
1375,600846,同济科技
1376,600176,中国巨石
1377,600551,时代出版
1378,603060,国检集团
1379,600804,鹏博士
1380,603826,坤彩科技
1381,600516,方大炭素
1382,603186,华正新材
1383,603116,红蜻蜓
1384,603896,寿仙谷
1385,603788,宁波高发
1386,603528,多伦科技
1387,603516,淳中科技
1388,601108,财通证券
1389,605006,山东玻纤
1390,603936,博敏电子
1391,603166,福达股份
1392,601900,南方传媒
1393,603227,雪峰科技
1394,600998,九州通
1395,603860,中公高科
1396,603768,常青股份
1397,600800,天津磁卡
1398,601699,潞安环能
1399,601333,广深铁路
1400,601333,广深铁路
1401,603096,新经典
1402,600507,方大特钢
1403,603611,诺力股份
1404,601066,中信建投
1405,603919,金徽酒
1406,603157,*ST拉夏
1407,688019,安集科技
1408,603331,百达精工
1409,688559,海目星
1410,600348,华阳股份
1411,603363,傲农生物
1412,600879,航天电子
1413,603863,松炀资源
1414,688188,柏楚电子
1415,600538,国发股份
1416,600779,水井坊
1417,603693,江苏新能
1418,600871,石化油服
1419,600764,中国海防
1420,600691,阳煤化工
1421,605179,一鸣食品
1422,600446,金证股份
1423,688580,伟思医疗
1424,601928,凤凰传媒
1425,600892,*ST大晟
1426,688586,江航装备
1427,601877,正泰电器
1428,600320,振华重工
1429,603330,上海天洋
1430,603778,乾景园林
1431,603566,普莱柯
1432,603338,浙江鼎力
1433,688369,致远互联
1434,600155,华创阳安
1435,603089,正裕工业
1436,605168,三人行
1437,603225,新凤鸣
1438,603697,有友食品
1439,603766,隆鑫通用
1440,601126,四方股份
1441,600800,天津磁卡
1442,600255,*ST鑫科
1443,688128,中国电研
1444,688555,泽达易盛
1445,600343,航天动力
1446,603093,南华期货
1447,600246,万通发展
1448,603399,吉翔股份
1449,600599,*ST熊猫
1450,603888,新华网
1451,600977,中国电影
1452,688333,铂力特
1453,601598,中国外运
1454,601727,上海电气
1455,600784,鲁银投资
1456,603158,腾龙股份
1457,603033,三维股份
1458,603666,亿嘉和
1459,600660,福耀玻璃
1460,603033,三维股份
1461,603666,亿嘉和
1462,600660,福耀玻璃
1463,601689,拓普集团
1464,600076,康欣新材
1465,600563,法拉电子
1466,601952,苏垦农发
1467,600759,洲际油气
1468,600300,维维股份
1469,605186,健麾信息
1470,688557,兰剑智能
1471,600798,宁波海运
1472,603698,航天工程
1473,600100,同方股份
1474,603109,神驰机电
1475,603138,海量数据
1476,600579,克劳斯
1477,603966,法兰泰克
1478,600583,海油工程
1479,600117,西宁特钢
1480,605218,伟时电子
1481,601727,上海电气
1482,603713,密尔克卫
1483,600617,国新能源
1484,603327,福蓉科技
1485,603178,圣龙股份
1486,600207,安彩高科
1487,600556,天下秀
1488,601882,海天精工
1489,600966,博汇纸业
1490,600490,鹏欣资源
1491,600593,大连圣亚
1492,600260,凯乐科技
1493,600584,长电科技
1494,603388,元成股份
1495,601595,上海电影
1496,600362,江西铜业
1497,600580,卧龙电驱
1498,603016,新宏泰
1499,688123,聚辰股份
1500,601198,东兴证券
1501,688017,绿的谐波
1502,601919,中远海控
1503,605123,派克新材
1504,603128,华贸物流
1505,688516,奥特维
1506,601238,广汽集团
1507,600038,中直股份
1508,600647,同达创业
1509,603982,泉峰汽车
1510,603877,太平鸟
1511,603010,万盛股份
1512,600039,四川路桥
1513,603655,朗博科技
1514,688202,美迪西
1515,600281,太化股份
1516,688196,卓越新能
1517,601236,红塔证券
1518,688051,佳华科技
1519,600421,ST华嵘
1520,600211,西藏药业
1521,600517,国网英大
1522,600268,国电南自
1523,600767,ST运盛
1524,603538,美诺华
1525,603876,鼎胜新材
1526,688198,佰仁医疗
1527,600415,小商品城
1528,600836,*ST界龙
1529,605388,均瑶健康
1530,603429,集友股份
1531,603515,欧普照明
1532,688560,明冠新材
1533,600135,乐凯胶片
1534,688021,奥福环保
1535,600206,有研新材
1536,603258,电魂网络
1537,688106,金宏气体
1538,600811,东方集团
1539,603810,丰山集团
1540,688106,金宏气体
1541,600811,东方集团
1542,603810,丰山集团
1543,601179,中国西电
1544,600850,华东电脑
1545,603025,大豪科技
1546,603179,新泉股份
1547,603105,芯能科技
1548,601899,紫金矿业
1549,603212,赛伍技术
1550,603588,高能环境
1551,600405,动力源
1552,688618,三旺通信
1553,688388,嘉元科技
1554,603458,勘设股份
1555,688599,天合光能
1556,603859,能科股份
1557,605277,新亚电子
1558,603020,爱普股份
1559,600523,贵航股份
1560,600523,贵航股份
1561,603639,海利尔
1562,603208,江山欧派
1563,603283,赛腾股份
1564,603386,广东骏亚
1565,603165,荣晟环保
1566,688189,南新制药
1567,603300,华铁应急
1568,603308,应流股份
1569,600262,北方股份
1570,603920,世运电路
1571,603507,振江股份
1572,603711,香飘飘
1573,600737,中粮糖业
1574,603002,宏昌电子
1575,603232,格尔软件
1576,605376,博迁新材
1577,603035,常熟汽饰
1578,688080,映翰通
1579,688186,广大特材
1580,603990,麦迪科技
1581,600367,红星发展
1582,688026,洁特生物
1583,603008,喜临门
1584,603360,百傲化学
1585,603996,*ST中新
1586,600405,动力源
1587,688003,天准科技
1588,600243,*ST海华
1589,688368,晶丰明源
1590,603893,瑞芯微
1591,688313,仕佳光子-U
1592,603823,百合花
1593,603606,东方电缆
1594,603669,灵康药业
1595,603103,横店影视
1596,603313,梦百合
1597,605338,巴比食品
1598,603959,百利科技
1599,603950,长源东谷
1600,603599,广信股份
1601,600163,中闽能源
1602,600518,ST康美
1603,603916,苏博特
1604,600655,豫园股份
1605,600570,恒生电子
1606,600238,ST椰岛
1607,600803,新奥股份
1608,603126,中材节能
1609,603558,健盛集团
1610,688589,力合微
1611,603699,纽威股份
1612,688518,联赢激光
1613,688300,联瑞新材
1614,603701,德宏股份
1615,600545,卓郎智能
1616,603800,道森股份
1617,600197,伊力特
1618,603822,嘉澳环保
1619,600295,鄂尔多斯
1620,603336,宏辉果蔬
1621,688135,利扬芯片
1622,688585,上纬新材
1623,603155,新亚强
1624,603079,圣达生物
1625,600217,中再资环
1626,601878,浙商证券
1627,600169,太原重工
1628,601515,东风股份
1629,605255,天普股份
1630,601918,新集能源
1631,600226,*ST瀚叶
1632,688138,清溢光电
1633,603600,永艺股份
1634,600167,联美控股
1635,600509,天富能源
1636,688529,豪森股份
1637,688317,之江生物
1638,600965,福成股份
1639,688699,明微电子
1640,688399,硕世生物
1641,603063,禾望电气
1642,688519,南亚新材
1643,600546,山煤国际
1644,601020,华钰矿业
1645,600292,远达环保
1646,600066,宇通客车
1647,600810,神马股份
1648,603477,巨星农牧
1649,601908,京运通
1650,603068,博通集成
1651,600389,江山股份
1652,601788,光大证券
1653,603226,菲林格尔
1654,600060,海信视像
1655,688299,长阳科技
1656,603969,银龙股份
1657,603728,鸣志电器
1658,600623,华谊集团
1659,600145,*ST新亿
1660,603633,徕木股份
1661,600403,大有能源
1662,600356,恒丰纸业
1663,601579,会稽山
1664,600203,福日电子
1665,603444,吉比特
1666,601949,中国出版
1667,603290,斯达半导
1668,603601,再升科技
1669,603038,华立股份
1670,600360,华微电子
1671,601127,小康股份
1672,603960,克来机电
1673,600418,江淮汽车
1674,688039,当虹科技
1675,688819,天能股份
1676,603583,捷昌驱动
1677,603986,兆易创新
1678,600070,浙江富润
1679,688108,赛诺医疗
1680,600218,全柴动力
1681,603619,中曼石油
1682,600129,太极集团
1683,601633,长城汽车
1684,600316,洪都航空
1685,603007,花王股份
1686,603041,美思德
1687,603239,浙江仙通
1688,601001,晋控煤业
1689,600160,巨化股份
1690,603197,保隆科技
1691,601686,XD友发集
1692,600378,昊华科技
1693,688030,山石网科
1694,688508,芯朋微
1695,603267,鸿远电子
1696,603755,日辰股份
1697,601225,陕西煤业
1698,600097,开创国际
1699,688126,沪硅产业-U
1700,688126,沪硅产业-U
1701,600766,园城黄金
1702,603058,永吉股份
1703,688556,高测股份
1704,601233,桐昆股份
1705,600610,ST毅达
1706,689009,九号公司-UWD
1707,603326,我乐家居
1708,601686,XD友发集
1709,688179,阿拉丁
1710,688169,石头科技
1711,605008,长鸿高科
1712,600059,古越龙山
1713,600862,中航高科
1714,600333,长春燃气
1715,688301,奕瑞科技
1716,600352,浙江龙盛
1717,688160,步科股份
1718,601222,林洋能源
1719,603100,川仪股份
1720,688006,杭可科技
1721,603500,祥和实业
1722,603337,杰克股份
1723,688200,华峰测控
1724,600703,三安光电
1725,603133,碳元科技
1726,605111,新洁能
1727,601677,明泰铝业
1728,603319,湘油泵
1729,600933,爱柯迪
1730,600158,中体产业
1731,600821,*ST劝业
1732,600873,梅花生物
1733,600309,万华化学
1734,600624,复旦复华
1735,600844,丹化科技
1736,688022,瀚川智能
1737,600075,新疆天业
1738,603416,信捷电气
1739,600121,郑州煤电
1740,688981,中芯国际-U
1741,600539,ST狮头
1742,600515,海航基础
1743,600933,爱柯迪
1744,603690,至纯科技
1745,600469,风神股份
1746,688595,芯海科技
1747,688567,孚能科技
1748,600486,扬农化工
1749,600126,杭钢股份
1750,600366,宁波韵升
1751,600822,上海物贸
1752,601696,中银证券
1753,603890,春秋电子
1754,600381,青海春天
1755,600537,亿晶光电
1756,688311,盟升电子
1757,600395,盘江股份
1758,688018,乐鑫科技
1759,600330,天通股份
1760,600330,天通股份
1761,688339,亿华通-U
1762,688536,思瑞浦
1763,603536,惠发食品
1764,600235,民丰特纸
1765,605358,立昂微
1766,603809,豪能股份
1767,601519,大智慧
1768,600081,东风科技
1769,600609,金杯汽车
1770,605055,迎丰股份
1771,603113,金能科技
1772,605366,宏柏新材
1773,603881,数据港
1774,600917,重庆燃气
1775,603086,先达股份
1776,688069,德林海
1777,603348,文灿股份
1778,688268,华特气体
1779,600303,曙光股份
1780,600303,曙光股份
1781,600151,航天机电
1782,603348,文灿股份
1783,603533,掌阅科技
1784,600532,未来股份
1785,600089,特变电工
1786,603005,晶方科技
1787,603618,杭电股份
1788,600543,莫高股份
1789,603993,洛阳钼业
1790,600354,*ST敦种
1791,603799,华友钴业
1792,600549,厦门钨业
1793,600213,亚星客车
1794,600408,ST安泰
1795,600088,中视传媒
1796,600301,ST南化
1797,600363,联创光电
1798,603681,永冠新材
1799,605007,五洲特纸
1800,600559,老白干酒
1801,600458,时代新材
1802,688286,敏芯股份
1803,600616,金枫酒业
1804,605398,新炬网络
1805,603938,三孚股份
1806,688005,容百科技
1807,600805,悦达投资
1808,600433,冠豪高新
1809,688386,泛亚微透
1810,600978,*ST宜生
1811,603366,日出东方
1812,688012,中微公司
1813,603299,苏盐井神
1814,603906,龙蟠科技
1815,601011,宝泰隆
1816,603181,皇马科技
1817,601216,君正集团
1818,600257,大湖股份
1819,600980,北矿科技
1820,600876,洛阳玻璃
1821,603856,东宏股份
1822,603687,大胜达
1823,603180,金牌厨柜
1824,603915,国茂股份
1825,600191,华资实业
1826,600199,金种子酒
1827,605018,长华股份
1828,603738,泰晶科技
1829,600686,金龙汽车
1830,603378,亚士创能
1831,600699,均胜电子
1832,600989,宝丰能源
1833,600596,新安股份
1834,605151,西上海
1835,603260,合盛硅业
1836,603520,司太立
1837,600141,兴发集团
1838,601615,明阳智能
1839,600338,西藏珠峰
1840,600111,北方稀土
1841,600970,中材国际
1842,600773,西藏城投
1843,601369,陕鼓动力
1844,600143,金发科技
1845,600006,东风汽车
1846,600988,赤峰黄金
1847,688063,派能科技
1848,603596,伯特利
1849,600707,彩虹股份
1850,600552,凯盛科技
1851,603733,仙鹤股份
1852,600409,三友化工
1853,600346,恒力石化
1854,688037,芯源微
1855,600189,泉阳泉
1856,600382,广东明珠
1857,601058,赛轮轮胎
1858,601163,三角轮胎
1859,605099,共创草坪
1860,600875,东方电气
1861,600746,江苏索普
1862,601016,节能风电
1863,600695,绿庭投资
1864,600711,盛屯矿业
1865,600740,山西焦化
1866,688350,富淼科技
1867,688288,鸿泉物联
1868,600499,科达制造
1869,601218,吉鑫科技
1870,600198,大唐电信
1871,600392,盛和资源
1872,601015,陕西黑猫
1873,600997,开滦股份
1874,600259,广晟有色
1875,600096,云天化
1876,603085,天成自控
1877,603353,和顺石油
1878,600793,宜宾纸业
1879,605155,西大门
1880,600884,杉杉股份
1881,600576,祥源文化
1882,688233,神工股份
1883,600086,退市金钰
1884,688607,康众医疗
1885,688390,固德威
1886,688116,天奈科技
1887,688689,银河微电
1888,688628,优利德
